{"_step":2120,"loss":1.9122521877288818,"accuracy":0.3142361044883728,"epoch":2,"_wandb":{"runtime":304},"_timestamp":1.7364305626626256e+09,"_runtime":304.966396001}