{"accuracy":0.3177083432674408,"epoch":0,"_timestamp":1.7364305522861156e+09,"_runtime":553.612385642,"_step":450,"_wandb":{"runtime":553},"loss":1.8963769674301147}