{"loss":0.7229966521263123,"accuracy":0.7864583134651184,"epoch":9,"_timestamp":1.736423807017855e+09,"_runtime":89.094016354,"_wandb":{"runtime":89},"_step":10420}