{"_step":10,"loss":2.2862024307250977,"accuracy":0.13593749701976776,"_wandb":{"runtime":191},"epoch":0,"_timestamp":1.7364305134510257e+09,"_runtime":191.604289851}