{"accuracy":0.9895833134651184,"epoch":9,"_timestamp":1.7364281691407294e+09,"_runtime":83.949299338,"_step":10420,"loss":0.039078038185834885,"_wandb":{"runtime":83}}