{"epoch":9,"_timestamp":1.7364192858548644e+09,"_runtime":44.122147389,"_step":2610,"loss":0.013755500316619873,"_wandb":{"runtime":44},"accuracy":1}