{"_wandb":{"runtime":223},"epoch":8,"_timestamp":1.736423661673585e+09,"_runtime":223.597518193,"_step":8880,"loss":0.48493248224258423,"accuracy":0.8402777910232544}