{"_timestamp":1.7364318756967282e+09,"_runtime":50.683963935,"_step":2170,"_wandb":{"runtime":50},"loss":0.361133873462677,"accuracy":0.8715277910232544,"epoch":9}