{"_runtime":4099.755320104,"_step":2170,"loss":1.4447931051254272,"_wandb":{"runtime":4099},"accuracy":0.4826388955116272,"epoch":9,"_timestamp":1.7364358265106173e+09}