{"_runtime":242.081503909,"_step":10420,"loss":0.42941024899482727,"accuracy":0.8697916865348816,"_wandb":{"runtime":242},"epoch":9,"_timestamp":1.7364278883347974e+09}