{"loss":0.019986189901828766,"accuracy":0.9947916865348816,"_wandb":{"runtime":45},"epoch":9,"_timestamp":1.7364196518606951e+09,"_runtime":45.752551912,"_step":2610}