{"loss":0.28220057487487793,"accuracy":0.9253472089767456,"epoch":9,"_timestamp":1.7364258963714592e+09,"_runtime":2033.846999597,"_step":10420,"_wandb":{"runtime":2033}}