{"_wandb":{"runtime":343},"loss":1.7916837930679321,"accuracy":0.3532986044883728,"epoch":9,"_timestamp":1.7364312396461112e+09,"_runtime":343.110127003,"_step":2170}