{"epoch":9,"_timestamp":1.7364088476249735e+09,"_runtime":84.244779478,"_step":10420,"_wandb":{"runtime":84},"loss":0.03531643748283386,"accuracy":0.9947916865348816}