{"epoch":0,"_wandb":{"runtime":9},"_timestamp":1.736408715198201e+09,"_runtime":9.116477898,"_step":1040,"loss":0.15395605564117432,"accuracy":0.9600694179534912}