{"epoch":3,"_timestamp":1.7364320332623546e+09,"_runtime":20.323950167,"_step":860,"loss":0.5765499472618103,"_wandb":{"runtime":20},"accuracy":0.8111979365348816}